nome_categoria;url
;http://socialmedia.8020mkt.com.br/palestras/793
consumo;http://socialmedia.8020mkt.com.br/palestras/Consumo/784
experiência;http://socialmedia.8020mkt.com.br/palestras/Experiencia/785
accountability;http://socialmedia.8020mkt.com.br/palestras/accountability/360
ads;http://socialmedia.8020mkt.com.br/palestras/ads/90
adwords;http://socialmedia.8020mkt.com.br/palestras/adwords/478
afiliados;http://socialmedia.8020mkt.com.br/palestras/afiliados/311
afrobrasileira;http://socialmedia.8020mkt.com.br/palestras/afrobrasileira/718
agência;http://socialmedia.8020mkt.com.br/palestras/agencia/588
agile;http://socialmedia.8020mkt.com.br/palestras/agile/454
agronegócio;http://socialmedia.8020mkt.com.br/palestras/agronegocio/419
algoritmos;http://socialmedia.8020mkt.com.br/palestras/algoritmos/328
alunos;http://socialmedia.8020mkt.com.br/palestras/alunos/134
ame_digital;http://socialmedia.8020mkt.com.br/palestras/ame_digital/777
análise de dados;http://socialmedia.8020mkt.com.br/palestras/analise_de_dados/151
analytics;http://socialmedia.8020mkt.com.br/palestras/analytics/333
aplicativos;http://socialmedia.8020mkt.com.br/palestras/aplicativos/100
app store optimization;http://socialmedia.8020mkt.com.br/palestras/App_Store_Optimization/713
apresentação;http://socialmedia.8020mkt.com.br/palestras/apresentacao/207
arte interativa;http://socialmedia.8020mkt.com.br/palestras/arte_interativa/685
arte tecnológico-digital;http://socialmedia.8020mkt.com.br/palestras/arte_tecnologico_digital/683
arte-mídia;http://socialmedia.8020mkt.com.br/palestras/arte_midia/684
assessoria de imprensa;http://socialmedia.8020mkt.com.br/palestras/assessoria_de_imprensa/297
assinaturas;http://socialmedia.8020mkt.com.br/palestras/assinaturas/291
atendimento;http://socialmedia.8020mkt.com.br/palestras/atendimento/40
ativismo;http://socialmedia.8020mkt.com.br/palestras/ativismo/400
audiovisual;http://socialmedia.8020mkt.com.br/palestras/audiovisual/648
autoconhecimento;http://socialmedia.8020mkt.com.br/palestras/autoconhecimento/116
awareness;http://socialmedia.8020mkt.com.br/palestras/awareness/726
b2b;http://socialmedia.8020mkt.com.br/palestras/B2B/213
baralho;http://socialmedia.8020mkt.com.br/palestras/baralho/814
bia granja;http://socialmedia.8020mkt.com.br/palestras/bia_granja/795
big data;http://socialmedia.8020mkt.com.br/palestras/big_data/218
black mirror;http://socialmedia.8020mkt.com.br/palestras/black_mirror/231
blockchain;http://socialmedia.8020mkt.com.br/palestras/blockchain/732
boatos;http://socialmedia.8020mkt.com.br/palestras/boatos/473
bots;http://socialmedia.8020mkt.com.br/palestras/bots/295
branded content;http://socialmedia.8020mkt.com.br/palestras/branded_content/417
branded entertainment;http://socialmedia.8020mkt.com.br/palestras/branded_entertainment/828
branding;http://socialmedia.8020mkt.com.br/palestras/branding/52
branding na veia;http://socialmedia.8020mkt.com.br/palestras/Branding_na_Veia/748
business intelligence;http://socialmedia.8020mkt.com.br/palestras/business_intelligence/219
cannabis;http://socialmedia.8020mkt.com.br/palestras/cannabis/325
caráter;http://socialmedia.8020mkt.com.br/palestras/carater/316
carreira;http://socialmedia.8020mkt.com.br/palestras/carreira/123
carros autonomos;http://socialmedia.8020mkt.com.br/palestras/carros_autonomos/676
causas sociais;http://socialmedia.8020mkt.com.br/palestras/causas_sociais/279
chatbot;http://socialmedia.8020mkt.com.br/palestras/chatbot/787
chatbots;http://socialmedia.8020mkt.com.br/palestras/chatbots/94
ciborguismo;http://socialmedia.8020mkt.com.br/palestras/ciborguismo/675
cliente;http://socialmedia.8020mkt.com.br/palestras/cliente/239
coaching;http://socialmedia.8020mkt.com.br/palestras/coaching/206
colaboração;http://socialmedia.8020mkt.com.br/palestras/colaboracao/819
colapsodecontextos;http://socialmedia.8020mkt.com.br/palestras/colapsodecontextos/789
comics;http://socialmedia.8020mkt.com.br/palestras/comics/223
comovendernaprimeiravisita;http://socialmedia.8020mkt.com.br/palestras/comovendernaprimeiravisita/820
comportamento;http://socialmedia.8020mkt.com.br/palestras/comportamento/201
comunicação;http://socialmedia.8020mkt.com.br/palestras/comunicacao/200
comunicação corporativa;http://socialmedia.8020mkt.com.br/palestras/comunicacao_corporativa/387
comunicação não violenta;http://socialmedia.8020mkt.com.br/palestras/comunicacao_nao_violenta/690
comunidades;http://socialmedia.8020mkt.com.br/palestras/comunidades/56
conhecimento;http://socialmedia.8020mkt.com.br/palestras/conhecimento/835
consumidor;http://socialmedia.8020mkt.com.br/palestras/Consumidor/691
consumidores;http://socialmedia.8020mkt.com.br/palestras/consumidores/157
conteúdo;http://socialmedia.8020mkt.com.br/palestras/conteudo/15
conteúdo para músicos;http://socialmedia.8020mkt.com.br/palestras/conteudo_para_musicos/802
conteúdodigitaljurídico;http://socialmedia.8020mkt.com.br/palestras/conteudodigitaljuridico/799
copywriting;http://socialmedia.8020mkt.com.br/palestras/copywriting/579
cores;http://socialmedia.8020mkt.com.br/palestras/cores/823
cosumo digital;http://socialmedia.8020mkt.com.br/palestras/cosumo_digital/694
creators;http://socialmedia.8020mkt.com.br/palestras/Creators/738
credibilidade;http://socialmedia.8020mkt.com.br/palestras/credibilidade/364
criatividade;http://socialmedia.8020mkt.com.br/palestras/criatividade/124
crise;http://socialmedia.8020mkt.com.br/palestras/crise/745
crises;http://socialmedia.8020mkt.com.br/palestras/crises/162
crm;http://socialmedia.8020mkt.com.br/palestras/crm/27
crowdfunding;http://socialmedia.8020mkt.com.br/palestras/crowdfunding/130
culpa;http://socialmedia.8020mkt.com.br/palestras/culpa/192
cultura;http://socialmedia.8020mkt.com.br/palestras/cultura/733
cultura pop;http://socialmedia.8020mkt.com.br/palestras/cultura_pop/129
cybersecurity;http://socialmedia.8020mkt.com.br/palestras/cybersecurity/233
dados;http://socialmedia.8020mkt.com.br/palestras/dados/329
datacenter;http://socialmedia.8020mkt.com.br/palestras/datacenter/232
decision makers;http://socialmedia.8020mkt.com.br/palestras/Decision_Makers/774
deep learning;http://socialmedia.8020mkt.com.br/palestras/deep_learning/681
democracia;http://socialmedia.8020mkt.com.br/palestras/democracia/258
design;http://socialmedia.8020mkt.com.br/palestras/design/125
design thinking;http://socialmedia.8020mkt.com.br/palestras/Design_Thinking/812
diaspora;http://socialmedia.8020mkt.com.br/palestras/diaspora/170
digital;http://socialmedia.8020mkt.com.br/palestras/digital/143
direito;http://socialmedia.8020mkt.com.br/palestras/direito/312
dispositivos conectados;http://socialmedia.8020mkt.com.br/palestras/Dispositivos_Conectados/751
disrupção;http://socialmedia.8020mkt.com.br/palestras/disrupcao/37
diversidade;http://socialmedia.8020mkt.com.br/palestras/diversidade/444
divulgação;http://socialmedia.8020mkt.com.br/palestras/divulgacao/112
ecommerce;http://socialmedia.8020mkt.com.br/palestras/ecommerce/409
economia;http://socialmedia.8020mkt.com.br/palestras/economia/836
economiacriativa;http://socialmedia.8020mkt.com.br/palestras/economiacriativa/818
educação;http://socialmedia.8020mkt.com.br/palestras/educacao/132
empatia;http://socialmedia.8020mkt.com.br/palestras/empatia/672
empoderamento;http://socialmedia.8020mkt.com.br/palestras/empoderamento/118
empoderamento feminino;http://socialmedia.8020mkt.com.br/palestras/empoderamento_feminino/826
empreendedorismo;http://socialmedia.8020mkt.com.br/palestras/empreendedorismo/71
emprego;http://socialmedia.8020mkt.com.br/palestras/emprego/729
engajamento;http://socialmedia.8020mkt.com.br/palestras/engajamento/59
ensino à distância;http://socialmedia.8020mkt.com.br/palestras/ensino_a_distancia/671
entretenimento;http://socialmedia.8020mkt.com.br/palestras/entretenimento/352
equipes pequenas;http://socialmedia.8020mkt.com.br/palestras/equipes_pequenas/306
erros;http://socialmedia.8020mkt.com.br/palestras/erros/30
espiraldosilencio;http://socialmedia.8020mkt.com.br/palestras/espiraldosilencio/790
esportes;http://socialmedia.8020mkt.com.br/palestras/esportes/63
esports;http://socialmedia.8020mkt.com.br/palestras/eSports/48
estagiário;http://socialmedia.8020mkt.com.br/palestras/estagiario/384
estatística;http://socialmedia.8020mkt.com.br/palestras/estatistica/412
estratégia;http://socialmedia.8020mkt.com.br/palestras/estrategia/54
estratégia digital;http://socialmedia.8020mkt.com.br/palestras/estrategia_digital/705
ética;http://socialmedia.8020mkt.com.br/palestras/etica/202
etnografia;http://socialmedia.8020mkt.com.br/palestras/etnografia/411
eventos;http://socialmedia.8020mkt.com.br/palestras/eventos/165
evolução humana;http://socialmedia.8020mkt.com.br/palestras/evolucao_humana/674
execução;http://socialmedia.8020mkt.com.br/palestras/execucao/197
experiência;http://socialmedia.8020mkt.com.br/palestras/experiencia/811
experiência do usuários;http://socialmedia.8020mkt.com.br/palestras/experiencia_do_usuarios/443
facebook;http://socialmedia.8020mkt.com.br/palestras/facebook/95
facebook live;http://socialmedia.8020mkt.com.br/palestras/facebook_live/354
faculdade;http://socialmedia.8020mkt.com.br/palestras/faculdade/768
fãs;http://socialmedia.8020mkt.com.br/palestras/fas/374
felicidade;http://socialmedia.8020mkt.com.br/palestras/felicidade/698
feminismo;http://socialmedia.8020mkt.com.br/palestras/feminismo/281
finanças;http://socialmedia.8020mkt.com.br/palestras/financas/634
foco;http://socialmedia.8020mkt.com.br/palestras/Foco/735
foreducation edtech;http://socialmedia.8020mkt.com.br/palestras/Foreducation_EdTech/758
fotodeperfil;http://socialmedia.8020mkt.com.br/palestras/fotodeperfil/667
fotoparalinkedin;http://socialmedia.8020mkt.com.br/palestras/fotoparalinkedin/668
freelancer;http://socialmedia.8020mkt.com.br/palestras/freelancer/227
futebol;http://socialmedia.8020mkt.com.br/palestras/futebol/204
futuro;http://socialmedia.8020mkt.com.br/palestras/futuro/392
game;http://socialmedia.8020mkt.com.br/palestras/game/730
game marketing;http://socialmedia.8020mkt.com.br/palestras/game_marketing/699
games;http://socialmedia.8020mkt.com.br/palestras/games/6
gamificacao;http://socialmedia.8020mkt.com.br/palestras/gamificacao/704
gastronomia;http://socialmedia.8020mkt.com.br/palestras/gastronomia/161
gaylife;http://socialmedia.8020mkt.com.br/palestras/gaylife/680
geolocalização;http://socialmedia.8020mkt.com.br/palestras/geolocalizacao/287
gestão;http://socialmedia.8020mkt.com.br/palestras/gestao/57
gestão de crises;http://socialmedia.8020mkt.com.br/palestras/gestao_de_crises/753
gestão de marcas;http://socialmedia.8020mkt.com.br/palestras/gestao_de_marcas/148
gestão de processos;http://socialmedia.8020mkt.com.br/palestras/gestao_de_processos/341
gestão de tempo;http://socialmedia.8020mkt.com.br/palestras/gestao_de_tempo/652
gnusocial;http://socialmedia.8020mkt.com.br/palestras/GNUSocial/171
google classroom;http://socialmedia.8020mkt.com.br/palestras/Google_Classroom/757
governo;http://socialmedia.8020mkt.com.br/palestras/governo/257
grandes empresas;http://socialmedia.8020mkt.com.br/palestras/grandes_empresas/198
growth hacking;http://socialmedia.8020mkt.com.br/palestras/growth_hacking/5
grupos;http://socialmedia.8020mkt.com.br/palestras/grupos/267
gsfe;http://socialmedia.8020mkt.com.br/palestras/GSfE/759
hacker;http://socialmedia.8020mkt.com.br/palestras/hacker/782
humanização;http://socialmedia.8020mkt.com.br/palestras/humanizacao/489
humor;http://socialmedia.8020mkt.com.br/palestras/humor/350
imagem pública;http://socialmedia.8020mkt.com.br/palestras/imagem_publica/369
impactosocial;http://socialmedia.8020mkt.com.br/palestras/impactosocial/670
inbound;http://socialmedia.8020mkt.com.br/palestras/inbound/67
inclusão;http://socialmedia.8020mkt.com.br/palestras/inclusao/653
influenciadores;http://socialmedia.8020mkt.com.br/palestras/influenciadores/21
iniciativa social;http://socialmedia.8020mkt.com.br/palestras/iniciativa_social/805
inovação;http://socialmedia.8020mkt.com.br/palestras/inovacao/36
insights;http://socialmedia.8020mkt.com.br/palestras/insights/228
inspire-se mais;http://socialmedia.8020mkt.com.br/palestras/inspire_se_mais/756
instagram;http://socialmedia.8020mkt.com.br/palestras/instagram/249
integração;http://socialmedia.8020mkt.com.br/palestras/integracao/666
inteligência;http://socialmedia.8020mkt.com.br/palestras/inteligencia/289
inteligência artificial;http://socialmedia.8020mkt.com.br/palestras/inteligencia_artificial/139
interior;http://socialmedia.8020mkt.com.br/palestras/interior/32
internet das coisas;http://socialmedia.8020mkt.com.br/palestras/Internet_das_coisas/752
iot;http://socialmedia.8020mkt.com.br/palestras/IoT/16
iot industrial;http://socialmedia.8020mkt.com.br/palestras/IoT_Industrial/750
jornalismo;http://socialmedia.8020mkt.com.br/palestras/jornalismo/103
jovem;http://socialmedia.8020mkt.com.br/palestras/jovem/761
kunumi;http://socialmedia.8020mkt.com.br/palestras/kunumi/682
legendagem;http://socialmedia.8020mkt.com.br/palestras/legendagem/83
lgbt;http://socialmedia.8020mkt.com.br/palestras/lgbt/176
liderança;http://socialmedia.8020mkt.com.br/palestras/lideranca/126
linguaportuguesa;http://socialmedia.8020mkt.com.br/palestras/linguaportuguesa/717
linkedin;http://socialmedia.8020mkt.com.br/palestras/linkedin/58
links patrocinados;http://socialmedia.8020mkt.com.br/palestras/links_patrocinados/479
lives;http://socialmedia.8020mkt.com.br/palestras/lives/355
livros;http://socialmedia.8020mkt.com.br/palestras/livros/262
local;http://socialmedia.8020mkt.com.br/palestras/local/33
logística;http://socialmedia.8020mkt.com.br/palestras/logistica/99
loylaty;http://socialmedia.8020mkt.com.br/palestras/loylaty/696
marca pessoal;http://socialmedia.8020mkt.com.br/palestras/marca_pessoal/380
marcas;http://socialmedia.8020mkt.com.br/palestras/marcas/61
marcas fodas são;http://socialmedia.8020mkt.com.br/palestras/Marcas_Fodas_Sao/747
marcasentretenimento;http://socialmedia.8020mkt.com.br/palestras/marcasentretenimento/829
marketing;http://socialmedia.8020mkt.com.br/palestras/marketing/831
marketing boca a boca;http://socialmedia.8020mkt.com.br/palestras/marketing_boca_a_boca/577
marketing de conteúdo;http://socialmedia.8020mkt.com.br/palestras/marketing_de_conteudo/688
marketing de influenciadores;http://socialmedia.8020mkt.com.br/palestras/marketing_de_influenciadores/687
marketing de relacionamento;http://socialmedia.8020mkt.com.br/palestras/marketing_de_relacionamento/695
marketing digital;http://socialmedia.8020mkt.com.br/palestras/marketing_digital/762
marketing jovem;http://socialmedia.8020mkt.com.br/palestras/marketing_jovem/760
marketing musical;http://socialmedia.8020mkt.com.br/palestras/marketing_musical/800
marketing pessoal;http://socialmedia.8020mkt.com.br/palestras/marketing_pessoal/379
marketingjuridico;http://socialmedia.8020mkt.com.br/palestras/marketingjuridico/797
marketingmusical;http://socialmedia.8020mkt.com.br/palestras/marketingmusical/803
marketplaces;http://socialmedia.8020mkt.com.br/palestras/marketplaces/410
masculinidade;http://socialmedia.8020mkt.com.br/palestras/masculinidade/465
maternidade;http://socialmedia.8020mkt.com.br/palestras/maternidade/147
meme;http://socialmedia.8020mkt.com.br/palestras/meme/208
memória;http://socialmedia.8020mkt.com.br/palestras/memoria/816
mensuração;http://socialmedia.8020mkt.com.br/palestras/mensuracao/167
mentoria;http://socialmedia.8020mkt.com.br/palestras/mentoria/736
mentoria estratégica mulher;http://socialmedia.8020mkt.com.br/palestras/Mentoria_Estrategica_Mulher/734
mercado;http://socialmedia.8020mkt.com.br/palestras/mercado/155
mercado editorial;http://socialmedia.8020mkt.com.br/palestras/mercado_editorial/263
metodologia;http://socialmedia.8020mkt.com.br/palestras/metodologia/413
métricas;http://socialmedia.8020mkt.com.br/palestras/metricas/60
micromomentos;http://socialmedia.8020mkt.com.br/palestras/micromomentos/781
midia;http://socialmedia.8020mkt.com.br/palestras/midia/755
mídias;http://socialmedia.8020mkt.com.br/palestras/midias/86
midias digitais;http://socialmedia.8020mkt.com.br/palestras/midias_digitais/763
mktdevalor;http://socialmedia.8020mkt.com.br/palestras/mktdevalor/780
mktnointerior;http://socialmedia.8020mkt.com.br/palestras/mktnointerior/779
mobile;http://socialmedia.8020mkt.com.br/palestras/mobile/211
mobilização;http://socialmedia.8020mkt.com.br/palestras/mobilizacao/401
modelo negócios inovadores;http://socialmedia.8020mkt.com.br/palestras/modelo_negocios_inovadores/804
monitoramento;http://socialmedia.8020mkt.com.br/palestras/monitoramento/290
motivação;http://socialmedia.8020mkt.com.br/palestras/Motivacao/724
mudanças;http://socialmedia.8020mkt.com.br/palestras/mudancas/490
multicanal;http://socialmedia.8020mkt.com.br/palestras/multicanal/474
multiplataforma;http://socialmedia.8020mkt.com.br/palestras/multiplataforma/212
música;http://socialmedia.8020mkt.com.br/palestras/musica/491
musicaagora;http://socialmedia.8020mkt.com.br/palestras/MusicaAgora/739
musicblogs;http://socialmedia.8020mkt.com.br/palestras/MusicBlogs/737
narrativas;http://socialmedia.8020mkt.com.br/palestras/narrativas/693
natura;http://socialmedia.8020mkt.com.br/palestras/Natura/786
negócios;http://socialmedia.8020mkt.com.br/palestras/negocios/215
netflix;http://socialmedia.8020mkt.com.br/palestras/netflix/78
netnografia;http://socialmedia.8020mkt.com.br/palestras/netnografia/626
networking;http://socialmedia.8020mkt.com.br/palestras/networking/178
neuroeconomia;http://socialmedia.8020mkt.com.br/palestras/neuroeconomia/221
neuromarketing;http://socialmedia.8020mkt.com.br/palestras/neuromarketing/53
notícias falsas;http://socialmedia.8020mkt.com.br/palestras/noticias_falsas/396
novas mídias;http://socialmedia.8020mkt.com.br/palestras/novas_midias/120
ódio;http://socialmedia.8020mkt.com.br/palestras/odio/191
ongs;http://socialmedia.8020mkt.com.br/palestras/ONGs/358
orgânico;http://socialmedia.8020mkt.com.br/palestras/organico/351
p2p;http://socialmedia.8020mkt.com.br/palestras/P2P/810
paternidade;http://socialmedia.8020mkt.com.br/palestras/paternidade/183
patriarcado;http://socialmedia.8020mkt.com.br/palestras/patriarcado/449
patrocínio;http://socialmedia.8020mkt.com.br/palestras/patrocinio/801
pequenas empresas;http://socialmedia.8020mkt.com.br/palestras/pequenas_empresas/119
perfil;http://socialmedia.8020mkt.com.br/palestras/perfil/772
performance;http://socialmedia.8020mkt.com.br/palestras/performance/292
performance digital;http://socialmedia.8020mkt.com.br/palestras/performance_digital/764
persona;http://socialmedia.8020mkt.com.br/palestras/persona/34
personagens;http://socialmedia.8020mkt.com.br/palestras/personagens/224
personal branding;http://socialmedia.8020mkt.com.br/palestras/personal_branding/381
personas;http://socialmedia.8020mkt.com.br/palestras/Personas/813
pesquisa;http://socialmedia.8020mkt.com.br/palestras/pesquisa/477
pesquisa de mercado;http://socialmedia.8020mkt.com.br/palestras/pesquisa_de_mercado/158
pinterest;http://socialmedia.8020mkt.com.br/palestras/pinterest/710
pitch;http://socialmedia.8020mkt.com.br/palestras/pitch/205
planejamento;http://socialmedia.8020mkt.com.br/palestras/planejamento/23
planejamento digital;http://socialmedia.8020mkt.com.br/palestras/planejamento_digital/725
pme;http://socialmedia.8020mkt.com.br/palestras/PME/770
pnl;http://socialmedia.8020mkt.com.br/palestras/PNL/436
política;http://socialmedia.8020mkt.com.br/palestras/politica/256
pós-verdade;http://socialmedia.8020mkt.com.br/palestras/pos_verdade/210
positividade;http://socialmedia.8020mkt.com.br/palestras/positividade/293
postcrossing;http://socialmedia.8020mkt.com.br/palestras/postcrossing/199
pr;http://socialmedia.8020mkt.com.br/palestras/PR/441
prática;http://socialmedia.8020mkt.com.br/palestras/pratica/769
preconceitos;http://socialmedia.8020mkt.com.br/palestras/preconceitos/193
produção;http://socialmedia.8020mkt.com.br/palestras/producao/166
produtividade;http://socialmedia.8020mkt.com.br/palestras/produtividade/305
profissão;http://socialmedia.8020mkt.com.br/palestras/profissao/153
profissional;http://socialmedia.8020mkt.com.br/palestras/profissional/773
programática;http://socialmedia.8020mkt.com.br/palestras/programatica/113
propaganda;http://socialmedia.8020mkt.com.br/palestras/propaganda/177
propósito;http://socialmedia.8020mkt.com.br/palestras/proposito/268
propósito é ser;http://socialmedia.8020mkt.com.br/palestras/Proposito_e_Ser/749
prospectaconsultores;http://socialmedia.8020mkt.com.br/palestras/prospectaconsultores/821
publicidade;http://socialmedia.8020mkt.com.br/palestras/publicidade/175
publicidade digital;http://socialmedia.8020mkt.com.br/palestras/publicidade_digital/817
quadrinhos;http://socialmedia.8020mkt.com.br/palestras/quadrinhos/222
real time;http://socialmedia.8020mkt.com.br/palestras/real_time/18
redes sociais;http://socialmedia.8020mkt.com.br/palestras/redes_sociais/767
reflexão;http://socialmedia.8020mkt.com.br/palestras/reflexao/250
relacionamento;http://socialmedia.8020mkt.com.br/palestras/relacionamento/39
relações de consumo;http://socialmedia.8020mkt.com.br/palestras/relacoes_de_consumo/692
relações públicas;http://socialmedia.8020mkt.com.br/palestras/relacoes_publicas/131
relatório;http://socialmedia.8020mkt.com.br/palestras/relatorio/765
religião;http://socialmedia.8020mkt.com.br/palestras/religiao/593
representatividade;http://socialmedia.8020mkt.com.br/palestras/representatividade/277
reputação;http://socialmedia.8020mkt.com.br/palestras/reputacao/209
reputação digital;http://socialmedia.8020mkt.com.br/palestras/reputacao_digital/783
responsabilidade;http://socialmedia.8020mkt.com.br/palestras/responsabilidade/359
resultado;http://socialmedia.8020mkt.com.br/palestras/resultado/555
revistadigital;http://socialmedia.8020mkt.com.br/palestras/revistadigital/744
rio2016;http://socialmedia.8020mkt.com.br/palestras/Rio2016/664
roe;http://socialmedia.8020mkt.com.br/palestras/ROE/383
roi;http://socialmedia.8020mkt.com.br/palestras/roi/827
rp digital;http://socialmedia.8020mkt.com.br/palestras/RP_digital/665
rpg;http://socialmedia.8020mkt.com.br/palestras/rpg/55
sac;http://socialmedia.8020mkt.com.br/palestras/sac/435
sala de aula;http://socialmedia.8020mkt.com.br/palestras/sala_de_aula/445
saúde;http://socialmedia.8020mkt.com.br/palestras/saude/141
segmentação;http://socialmedia.8020mkt.com.br/palestras/segmentacao/423
segurança;http://socialmedia.8020mkt.com.br/palestras/seguranca/234
self-driving;http://socialmedia.8020mkt.com.br/palestras/self_driving/677
sem reservas;http://socialmedia.8020mkt.com.br/palestras/sem_reservas/825
seo;http://socialmedia.8020mkt.com.br/palestras/seo/101
seriados;http://socialmedia.8020mkt.com.br/palestras/seriados/77
serviço social;http://socialmedia.8020mkt.com.br/palestras/servico_social/686
serviços;http://socialmedia.8020mkt.com.br/palestras/servicos/378
simplicidade;http://socialmedia.8020mkt.com.br/palestras/simplicidade/771
smwsp-socialcontent;http://socialmedia.8020mkt.com.br/palestras/SMWSP_SocialContent/741
smwspparapmes;http://socialmedia.8020mkt.com.br/palestras/SMWSPparaPMEs/740
snapchat;http://socialmedia.8020mkt.com.br/palestras/snapchat/138
social commerce;http://socialmedia.8020mkt.com.br/palestras/social_commerce/830
social media;http://socialmedia.8020mkt.com.br/palestras/social_media/754
social selling;http://socialmedia.8020mkt.com.br/palestras/social_selling/541
socialização;http://socialmedia.8020mkt.com.br/palestras/socializacao/815
socialmedia;http://socialmedia.8020mkt.com.br/palestras/socialmedia/766
sociedade;http://socialmedia.8020mkt.com.br/palestras/sociedade/467
software livre;http://socialmedia.8020mkt.com.br/palestras/software_livre/169
sonhos;http://socialmedia.8020mkt.com.br/palestras/Sonhos/776
startups;http://socialmedia.8020mkt.com.br/palestras/startups/235
stories;http://socialmedia.8020mkt.com.br/palestras/stories/488
storytelling;http://socialmedia.8020mkt.com.br/palestras/storytelling/308
sucesso;http://socialmedia.8020mkt.com.br/palestras/sucesso/216
superação;http://socialmedia.8020mkt.com.br/palestras/Superacao/723
tecnologia;http://socialmedia.8020mkt.com.br/palestras/tecnologia/142
tendências;http://socialmedia.8020mkt.com.br/palestras/tendencias/38
terceiro setor;http://socialmedia.8020mkt.com.br/palestras/terceiro_setor/357
território;http://socialmedia.8020mkt.com.br/palestras/territorio/35
tinformados;http://socialmedia.8020mkt.com.br/palestras/Tinformados/743
tinordeste;http://socialmedia.8020mkt.com.br/palestras/TINordeste/742
tomada de decisão;http://socialmedia.8020mkt.com.br/palestras/Tomada_de_decisao/775
trade;http://socialmedia.8020mkt.com.br/palestras/trade/187
traduções;http://socialmedia.8020mkt.com.br/palestras/traducoes/82
transformação;http://socialmedia.8020mkt.com.br/palestras/transformacao/434
transformação digital;http://socialmedia.8020mkt.com.br/palestras/transformacao_digital/796
transformandoleadsemclientes;http://socialmedia.8020mkt.com.br/palestras/transformandoleadsemclientes/822
transmídia;http://socialmedia.8020mkt.com.br/palestras/transmidia/550
transumanismo;http://socialmedia.8020mkt.com.br/palestras/transumanismo/673
umretrato;http://socialmedia.8020mkt.com.br/palestras/umretrato/669
unfriend;http://socialmedia.8020mkt.com.br/palestras/unfriend/788
usandoalingua;http://socialmedia.8020mkt.com.br/palestras/usandoalingua/716
ux;http://socialmedia.8020mkt.com.br/palestras/UX/66
vendas;http://socialmedia.8020mkt.com.br/palestras/vendas/238
vida;http://socialmedia.8020mkt.com.br/palestras/Vida/824
vigilancia;http://socialmedia.8020mkt.com.br/palestras/vigilancia/583
violência;http://socialmedia.8020mkt.com.br/palestras/violencia/448
visibilidade;http://socialmedia.8020mkt.com.br/palestras/visibilidade/87
whatsapp;http://socialmedia.8020mkt.com.br/palestras/whatsapp/706
writers block;http://socialmedia.8020mkt.com.br/palestras/writers_block/229
youtube;http://socialmedia.8020mkt.com.br/palestras/youtube/114
